insert into person(id, first_Name, last_Name) values(1, 'Bojan', 'Martinovic');
insert into person(id, first_Name, last_Name) values(2, 'Ocko', 'fsdf');
insert into person(id, first_Name, last_Name) values(3, 'Cosko', 'gbd');
insert into person(id, first_Name, last_Name) values(4, 'NIgor', 'nhnghn');
insert into PHONE(personid, number) 	values(1, '98420384923');
insert into PHONE(personid, number)	values(1, '98420384923');
insert into PHONE(personid, number)	values(1, '98420384923');
insert into PHONE(personid, number)	values(2, '98420384923');
insert into PHONE(personid, number)	values(2, '98420384923');
insert into PHONE(personid, number)	values(3, '98420384923');
insert into PHONE(personid, number)	values(4, '98420384923');
insert into PHONE(personid, number)	values(4, '98420384923');
insert into PHONE(personid, number)	values(4, '98420384923');
insert into EMAIL(personid, email)	values(2, 'bojan@gmail.com');
insert into EMAIL(personid, email)	values(1, '9842@gjha');
insert into EMAIL(personid, email)	values(3, '9842038@4923');
insert into EMAIL(personid, email)	values(4, '98420384@923');
insert into ADDRESS(personid, address)	values(4, '98420384923');
insert into ADDRESS(personid, address)	values(1, '98420384923');
insert into ADDRESS(personid, address)	values(3, '98420384923');
insert into ADDRESS(personid, address)	values(2, '98420384923');
insert into NOTE(personid, note)	values(4, '98420384923');
insert into NOTE(personid, note)	values(2, '98420384923');
insert into NOTE(personid, note)	values(3, '98420384923');
insert into NOTE(personid, note)	values(1, '98420384923');
insert into PHONE(personid, number)	values(4, '98420384923');